conversation_id,message_id
10cd9e4e-8d32-4bf9-b192-f57435ccf8bd,1b447cde-19cc-4dfc-afd0-54644264796e
10cd9e4e-8d32-4bf9-b192-f57435ccf8bd,d4caa68f-dfa9-4989-ab07-9dbcaf677f4f
10cd9e4e-8d32-4bf9-b192-f57435ccf8bd,6517fce0-a92d-430d-94b1-1256a5b5713d
10cd9e4e-8d32-4bf9-b192-f57435ccf8bd,f2c3700c-1349-4a0d-8389-0848e7f1cb7b
10cd9e4e-8d32-4bf9-b192-f57435ccf8bd,94ef6a9b-ba31-41e0-b9be-22bbb075f4b4
10cd9e4e-8d32-4bf9-b192-f57435ccf8bd,0946b470-6543-4f98-bbd9-ce1a3e839e1a
f769fa65-38e9-4f04-a3b2-cbe3461218ad,c9f2dccc-a335-41f3-b12a-e4a453c60a4c
f769fa65-38e9-4f04-a3b2-cbe3461218ad,86d853a5-bb7d-4cc5-91d4-17e5b3ba96ad
f769fa65-38e9-4f04-a3b2-cbe3461218ad,6a315c92-06eb-42cf-b281-81ee5f4116f5
f769fa65-38e9-4f04-a3b2-cbe3461218ad,7543376a-cf64-4165-b28f-35aa9fca0481
c216bc58-359e-487e-b5d0-2b22f2d15dbb,48c62c3b-9769-435c-ac30-c7338e038521
c216bc58-359e-487e-b5d0-2b22f2d15dbb,874218e4-db27-4495-9395-e82c0cef17ff
c216bc58-359e-487e-b5d0-2b22f2d15dbb,19444d8a-e8c7-4eaf-b23d-c48c12019209
c216bc58-359e-487e-b5d0-2b22f2d15dbb,4ec2e298-c6f8-430b-82e5-07907764b7be
c216bc58-359e-487e-b5d0-2b22f2d15dbb,4460b3c0-2102-4af1-9cad-dbb5cabc7f3f
00ca9a53-93b8-4e5f-8873-d10acba4ba48,76d9ac7c-b3fa-4f3a-906f-2a6806e9e6cf
00ca9a53-93b8-4e5f-8873-d10acba4ba48,a8da7a05-b0af-482c-abe8-e3a5ef4fbe2f
00ca9a53-93b8-4e5f-8873-d10acba4ba48,2feaa847-1a8b-4b5a-9aa8-933f091e3208
a6efb23c-de63-41ea-b3e6-9feb7a261d53,98df02a5-2f83-429c-a5b2-52c8968808ee
a6efb23c-de63-41ea-b3e6-9feb7a261d53,64c3bc35-237d-4a3f-841f-3932a1c1845e
a6efb23c-de63-41ea-b3e6-9feb7a261d53,fe952541-d274-4b82-970b-4cb8fe68a8b3
b7c4b985-31b2-49ce-ac52-c90161ab791f,b7a481c4-633f-4e52-a134-3f8e0cbadc6a
b7c4b985-31b2-49ce-ac52-c90161ab791f,c46e49f7-9a0e-48b5-9457-8ec36bae8422
b7c4b985-31b2-49ce-ac52-c90161ab791f,6567756b-e56e-45c2-a70f-1a3189fa3346
b7c4b985-31b2-49ce-ac52-c90161ab791f,1e2f89f0-6aa0-4ba8-b22a-aef49d4740c2
b7c4b985-31b2-49ce-ac52-c90161ab791f,2c115763-6bdf-42c4-a51c-59eaedc4b965
b7c4b985-31b2-49ce-ac52-c90161ab791f,1ebcf043-7b54-4351-9286-d2ea2ac73f08
b7c4b985-31b2-49ce-ac52-c90161ab791f,ba468be1-4285-4d49-89e4-f9493bcebc40
b7c4b985-31b2-49ce-ac52-c90161ab791f,ad0a3f99-b03a-4a25-96aa-954fa51f1b1e
b7c4b985-31b2-49ce-ac52-c90161ab791f,254c69bc-c226-47b8-838b-5985758f8a03
929cfe39-40b2-48bf-936d-08132f55aa2b,d7746c46-dad1-4c1c-bb39-2b581d245b62
929cfe39-40b2-48bf-936d-08132f55aa2b,6b82fbcd-6c6b-4c28-8a0f-59d21c545753
929cfe39-40b2-48bf-936d-08132f55aa2b,55fcbee5-44da-4a04-ba65-ccabe311f9aa
929cfe39-40b2-48bf-936d-08132f55aa2b,7b0de9ef-4cd1-4d1f-a1d8-cb1a563fab19
929cfe39-40b2-48bf-936d-08132f55aa2b,8513df13-1a4a-4378-ae08-a741227f85f1
929cfe39-40b2-48bf-936d-08132f55aa2b,3012360f-e586-46d6-98cd-714c82fdf5c7
929cfe39-40b2-48bf-936d-08132f55aa2b,8570342f-692f-4a75-b635-25bb04ad458c
929cfe39-40b2-48bf-936d-08132f55aa2b,0bfa9706-eb54-4b1e-80be-e9876a6dba9c
929cfe39-40b2-48bf-936d-08132f55aa2b,b2bad8c1-77b1-4533-8e6a-43cb2ff9c439
929cfe39-40b2-48bf-936d-08132f55aa2b,a0208d76-27ec-4e63-8344-945e9ef92deb
929cfe39-40b2-48bf-936d-08132f55aa2b,42c13e37-4fd8-4c40-85ec-36bd53ae5c8a
929cfe39-40b2-48bf-936d-08132f55aa2b,470e7eac-2262-47f1-bd59-4c1c6f81d186
929cfe39-40b2-48bf-936d-08132f55aa2b,97f0e043-b037-4982-881a-67643b6be4fd
929cfe39-40b2-48bf-936d-08132f55aa2b,2ba787b6-2ca3-40e8-a80a-1b78fa6d29d6
929cfe39-40b2-48bf-936d-08132f55aa2b,124b73f9-0d3a-42ff-8871-dd7c4c4255c3
e6152875-0895-4ab4-95d7-90b1909a5abd,30ca2b1e-989a-4759-9ff6-7a237a9e5f18
e6152875-0895-4ab4-95d7-90b1909a5abd,88f50696-5e65-43ad-852f-f20a517f2977
e6152875-0895-4ab4-95d7-90b1909a5abd,ae6e9374-c407-4c20-8216-f1540da97857
e6152875-0895-4ab4-95d7-90b1909a5abd,a27f4011-5a37-4f84-bb56-504231bc49ce
e6152875-0895-4ab4-95d7-90b1909a5abd,2514cb92-0bf7-4af4-ac11-658bd8d3ab19
e6152875-0895-4ab4-95d7-90b1909a5abd,a11223ac-939f-4d14-ab79-89fe946b922d
e6152875-0895-4ab4-95d7-90b1909a5abd,452f50ed-6742-4c58-89d5-cf770889697e
e6152875-0895-4ab4-95d7-90b1909a5abd,26c661d8-9fca-4806-a23a-72e6c3fc0aab
e6152875-0895-4ab4-95d7-90b1909a5abd,d646a00f-e10e-49df-a132-143e4baacc90
91017fb1-ba16-41ae-ac00-be373d341f3f,14242414-2bb2-4ab4-89d8-87b9f0b1dcb8
91017fb1-ba16-41ae-ac00-be373d341f3f,149b3eca-4372-4b21-a25f-f305f98615f2
6c0b36a1-d830-4637-ac00-1a5afb2483cb,093cf816-ca82-4de7-a7b0-47ad593217a7
6c0b36a1-d830-4637-ac00-1a5afb2483cb,fd12ef42-3378-4c05-96f5-896399e08620
6c0b36a1-d830-4637-ac00-1a5afb2483cb,fc1a8aba-1950-4289-989a-937b38f526ea
6c0b36a1-d830-4637-ac00-1a5afb2483cb,6bb6ee7a-0e6a-4dbd-8844-97f80efa5d72
6c0b36a1-d830-4637-ac00-1a5afb2483cb,526f62c0-97e2-4db5-95aa-a98a78ef93ae
6c0b36a1-d830-4637-ac00-1a5afb2483cb,3974846a-4803-4213-88ca-34e16a8f1959
6c0b36a1-d830-4637-ac00-1a5afb2483cb,f846b442-0d55-4a7f-bab1-e301c5d201ef
6c0b36a1-d830-4637-ac00-1a5afb2483cb,fd98b6b1-85e2-4946-b503-875bf93643a2
